{"cameraMode":{"drawMode":0,"name":"Shaded","section":"Shading Mode"},"sceneLighting":false,"audioPlay":false,"sceneViewState":{"m_AlwaysRefresh":false,"showFog":true,"showSkybox":false,"showFlares":true,"showImageEffects":true,"showParticleSystems":true,"showVisualEffectGraphs":true,"m_FxEnabled":true},"in2DMode":false,"pivot":{"x":1.165718913078308,"y":0.9439805746078491,"z":150.07000732421876},"rotation":{"x":-0.04319341480731964,"y":-0.11344889551401138,"z":-0.0005095095839351416,"w":-0.9934572577476502},"size":0.9945724010467529,"orthographic":false}